"ID";"BTS"
"1";"AXFW"
"1";"AFR"
"1";"AFW"
"1";"ATP"
"1";"AJ"
"1";"ASY"
"1";"ASW"
"1";"AOS"
"1";"AR"
"1";"AON"
"1";"ABM N"
"1";"ABM S"
"1";"ANF"
"1";"AN  G"
"1";"AN"
"1";"ABRS"
"1";"AWST"
"1";"ADH"
"1";"AHOT"
"1";"AEL N"
"1";"AEL"
"1";"ATM"
"1";"APD"
"1";"AP"
"1";"AQE"
"1";"AE  N"
"1";"AE  O"
"1";"AE  F"
"1";"ALOF"
"1";"ABAG"
"1";"ABGL"
"1";"AHOR"
"1";"AHROO"
"1";"AOHA"
"1";"AVL"
"1";"AWLBA"
"1";"AWLBS"
"1";"AHAR"
"1";"AQM G"
"1";"AMD"
"1";"AM  O"
"1";"AM  N"
"1";"AM  W"
"1";"AM  S"
"101";"EHRBN"
"101";"ERDB"
"101";"EFMK"
"101";"EBCK"
"101";"EMES"
"101";"EDRS"
"101";"ERIK"
"101";"EHIT"
"101";"ELEC"
"101";"EMSTG"
"101";"EMSTP"
"101";"ENHF"
"101";"ESPR"
"101";"EGRV"
"101";"ERFE"
"101";"EEDA"
"101";"EEDT"
"101";"YEHEM"
"101";"HMSU"
"101";"HR"
"101";"HQR"
"101";"HSAL"
"101";"HEM"
"101";"HLED"
"101";"HHKF"
"101";"HFAS"
"101";"HLIG"
"101";"HLIS"
"101";"HHOHA"
"101";"HGEE"
"101";"HMEP"
"101";"HRWA"
"101";"HHAR"
"101";"HLAT"
"101";"HDOP"
"101";"HLE"
"101";"HASD"
"101";"HPAP"
"101";"HIHV"
"101";"HLEEA"
"101";"HLEEP"
"101";"HLEE"
"101";"HNM"
"101";"HODU"
"101";"HER"
"101";"EHRBR"
"103";"HOR O"
"103";"HO  U"
"103";"HOHT"
"103";"HOE"
"103";"HQOE"
"103";"HLOT"
"103";"HVEP"
"103";"HLGG"
"103";"HI"
"103";"HESH"
"103";"HHTL"
"103";"HR"
"103";"HQR"
"103";"HSAL"
"103";"HSTT"
"103";"HBTH"
"103";"HXB"
"105";"HSR"
"105";"HSR W"
"105";"HDED"
"105";"HGUE"
"105";"HWUN"
"105";"HHAS"
"105";"HRER"
"105";"HLH"
"105";"HSHG"
"105";"HKHN"
"105";"HBKB"
"105";"HQM"
"105";"HM  G"
"105";"HM"
"105";"HPTH"
"105";"HOYGA"
"105";"HOYG"
"105";"HOY"
"105";"HGOF"
"105";"HL"
"105";"HL  G"
"105";"HKLG"
"105";"HBDE"
"105";"HBDS"
"105";"HQBU"
"105";"HBUE"
"105";"HMEL"
"105";"HEHD"
"105";"HWTH"
"105";"HWIS"
"105";"HLRI"
"105";"HOR O"
"105";"HVBK"
"107";"HOR O"
"107";"HOR S"
"107";"HORP"
"107";"HHRN"
"107";"HHSB"
"107";"HNAH"
"107";"HQNA"
"107";"YEHLH"
"107";"ELEN"
"107";"ERIG"
"107";"EKV"
"107";"EBRO"
"107";"EWBV"
"107";"EEMS"
"107";"ESDM"
"107";"EMSTP"
"107";"EMSTG"
"107";"ELEC"
"107";"EHIT"
"107";"ERIK"
"107";"EDRS"
"107";"EMES"
"107";"EBCK"
"107";"EFMK"
"107";"EHM"
"107";"EHRBN"
"107";"EHRBR"
"107";"ERDB"
"109A";"HO  N"
"109A";"HO  S"
"109A";"HO  O"
"109A";"HHRN"
"109A";"HHSB"
"109A";"HNAH"
"109A";"HQNA"
"109A";"YEHLH"
"109A";"ELEN"
"109A";"ERIG"
"109A";"EKV"
"109A";"EBRO"
"109A";"EWBV"
"109A";"EEMS"
"109A";"ESDM"
"109A";"EMSTP"
"109A";"EMSTG"
"109A";"EGST"
"109A";"EMEK"
"109A";"EABT"
"109A";"EBSL"
"109A";"EAPH"
"109A";"EBUD"
"109A";"EDUL"
"109A";"ESYB"
"109A";"ESYH"
"109A";"EHLT"
"109A";"ELPE"
"109A";"EMSI"
"109A";"ERE"
"109A";"ERES"
"109A";"EBAU"
"109A";"ECRA"
"109A";"EWFR"
"109A";"EGZO"
"109A";"EGBK"
"109A";"ENON"
"109A";"EEKP"
"109A";"EBTS"
"109A";"EGED"
"109A";"EKKR"
"109A";"EPRL"
"109A";"EEDZ"
"109A";"EOB O"
"109B";"EMAF"
"109B";"ERTL"
"109B";"ELOT"
"109B";"EDWD"
"109B";"EDBI"
"109B";"EDEF"
"109B";"ELIT"
"109B";"ETIE"
"109B";"KRAW"
"109B";"KDR"
"109B";"KHAR"
"109B";"KDE"
"109B";"KHI"
"109B";"KIMI"
"109B";"KOPL"
"109B";"KWER"
"109B";"KLM"
"109B";"KKANE"
"109B";"KKANO"
"109B";"KKANN"
"111";"AROG"
"111";"HUNT"
"111";"HWEW"
"111";"HHTM"
"111";"HWAL"
"111";"HV"
"111";"HWAB"
"111";"HDVD"
"111";"HETR"
"111";"HROR"
"111";"HNBG"
"111";"HLBU"
"111";"HHAG"
"111";"HHGH"
"111";"HEIV"
"111";"HNRU"
"111";"HPOG"
"111";"HWUN"
"111";"HGUE"
"111";"HDED"
"111";"HSR W"
"111";"HSR"
"113";"HSR"
"113";"HSR W"
"113";"HDED"
"113";"HGUE"
"113";"HWUN"
"113";"HHAS"
"113";"HRER"
"113";"HLH"
"113";"HSHG"
"113";"HKHN"
"113";"HBKB"
"113";"HQM"
"113";"HM  G"
"113";"HM"
"113";"HVBK"
"113";"HOYG"
"113";"HOY"
"113";"HGOF"
"113";"HL"
"113";"HL  G"
"113";"YHELF"
"113";"EHFD"
"113";"EBRA"
"113";"EBILG"
"113";"EBILP"
"113";"EBWEG"
"113";"EBWE"
"113";"EIAV"
"113";"EIAW"
"113";"EGLO"
"113";"ERDW"
"113";"EOEL"
"113";"ENBMP"
"113";"ENBMG"
"113";"EAHLG"
"113";"EAHLH"
"113";"EHE P"
"113";"EHE"
"113";"EHRBN"
"113";"EHRBE"
"113";"EHM"
"113";"EBRAH"
"115A";"HLERW"
"115A";"HMI"
"115A";"HWAM"
"115A";"HWHN"
"115A";"HLI R"
"115A";"HLI"
"115A";"HHBO"
"115A";"HEMA"
"115A";"HEMP"
"115A";"HRBG"
"115A";"HWEZ"
"115A";"HHOL"
"115A";"HBEN"
"115A";"HELV"
"115A";"HSPR"
"115A";"HMDD"
"115A";"HHM"
"115A";"HEMT"
"115A";"HPRT"
"115A";"HQPR"
"115A";"HLUE"
"115A";"HSCI"
"115A";"HSTM"
"115A";"HBHE"
"115A";"YDHHB"
"115A";"HHIG"
"115A";"HLAN"
"115A";"HAAT"
"115A";"HA"
"115B";"HA"
"115B";"HAAK"
"115B";"YDFAB"
"115B";"HBUK"
"115B";"HWBD"
"115B";"HBNB"
"115B";"HWAR"
"115B";"HQWA"
"115B";"FLIB"
"115B";"FLR"
"115B";"FHMM"
"115B";"FHFG"
"115B";"FGSN"
"115B";"FIM"
"115B";"FMHF"
"115B";"FOV"
"115B";"FKRB"
"115B";"FKR"
"117";"EHGGO"
"117";"EEIN"
"117";"EHGS"
"117";"EHOY"
"117";"EWEF"
"117";"ESRTF"
"117";"ESRT"
"117";"EHID"
"117";"EHZW"
"117";"EUN"
"117";"EBEO"
"117";"EAU"
"117";"ESMG"
"117";"EHRBD"
"117";"EHRBW"
"117";"EHRBS"
"119A";"HA"
"119A";"HBNS"
"119A";"EPD"
"119A";"EPD G"
"119A";"ESMD"
"119A";"ESZK"
"119A";"EGK"
"119A";"EERI"
"119A";"EDED"
"119A";"ELPP"
"119A";"ELPPG"
"119A";"EBEH"
"119A";"EBSA"
"119A";"ESOT"
"119A";"EBOR"
"119A";"EWVA"
"119A";"EWVE"
"119A";"ERHY"
"119A";"EGAB"
"119A";"EHRBS"
"119A";"EHRBW"
"11B";"WW"
"11B";"LQGG"
"11B";"LGG"
"11B";"LSNA"
"11B";"LBRN"
"11B";"YBLBO"
"11B";"LOB"
"11B";"LGM"
"11B";"LEST"
"11B";"LBOL"
"11B";"LSS"
"11B";"LS  G"
"121";"FKW"
"121";"FKOA"
"121";"FKOZ"
"121";"FREH"
"121";"FGTH"
"121";"FGX"
"121";"FKRL"
"121";"FRFHW"
"121";"FRFH"
"121";"FMBB"
"121";"FMLS"
"121";"FMFH"
"121";"FBEF"
"121";"FAMO"
"121";"FHEB"
"121";"FROF"
"121";"FLIH"
"121";"FBU"
"121";"FB"
"121";"FB  R"
"123";"FKR"
"123";"FKR S"
"123";"FKW"
"123";"FKOA"
"123";"FKEI"
"123";"FSWR"
"123";"FKOT"
"123";"FWIL"
"123";"FLIR"
"123";"FMBA"
"123";"FKHM"
"123";"FHAH"
"123";"FRIH"
"123";"FLSW"
"123";"FMIR"
"123";"FDIE"
"123";"FFU N"
"123";"FFU"
"123";"FFU B"
"123";"FHAG"
"123";"FLRN"
"123";"FLRS"
"123";"YFNLM"
"123";"NMOT"
"123";"NAG"
"123";"NQMO"
"123";"NDI"
"123";"NBNB"
"123";"NMUB"
"123";"NRB"
"123";"NHW"
"123";"NES"
"123";"NNB"
"123";"NWH"
"125A";"FKR"
"125A";"FKR S"
"125A";"FKW"
"125A";"FKOA"
"125A";"FKOZ"
"125A";"FREH"
"125A";"FGTH"
"125A";"FGRF"
"125A";"FWON"
"125A";"FABL"
"125A";"FGEF"
"125A";"FWAB"
"125A";"FUT"
"125A";"FSL"
"125A";"FBOK"
"125A";"FZM"
"125A";"FSBA"
"125A";"FTS"
"125A";"FWRA"
"125A";"FNSM"
"125A";"FSTA"
"125A";"FKIH"
"125A";"FAZ"
"125A";"FBRG"
"125A";"FCOE"
"125A";"FMBG"
"125A";"FMBS"
"125A";"FNDW"
"125A";"FNL"
"125A";"FFRL"
"125A";"FFN"
"125A";"FLOL"
"125A";"FGOG"
"125A";"FG  A"
"125A";"FG"
"125A";"FGB"
"125B";"FGB"
"125B";"FGL"
"125B";"FLGS"
"125B";"FKGS"
"125B";"FBZ"
"125B";"FOM"
"125B";"FBNA"
"125B";"FFG"
"125B";"FFG G"
"125B";"FBB"
"125B";"FNRW"
"125B";"FOK"
"125B";"FGKA"
"125B";"FDW"
"125B";"FVL"
"125B";"FVLS"
"125B";"FFBK"
"125B";"FFBS"
"125B";"FFES"
"125B";"FFGI"
"125B";"FFW A"
"125B";"FFW"
"125B";"FFGA"
"125B";"FMST"
"125B";"FLS"
"125B";"FNIS"
"125B";"FNISA"
"125B";"FBUS"
"125B";"FLG"
"125B";"FEZ"
"125B";"FDA"
"125B";"FD  G"
"125C";"FFO G"
"125C";"FFO"
"125C";"FFS"
"125C";"FFOR"
"125C";"FSP"
"125C";"FSP S"
"125C";"FZEP"
"125C";"FWF"
"125C";"FMF"
"125C";"FDG"
"125C";"FDOH"
"125C";"FLW"
"125C";"FGE"
"125C";"FSTR"
"125C";"FBBM"
"125C";"FGHM"
"125C";"FGRO"
"125C";"FBL"
"125C";"FBST"
"125C";"FBUP"
"125C";"FLP"
"125C";"YFRML"
"125C";"RQMW"
"125C";"RMW G"
"125C";"RMW"
"125C";"RMKL"
"125C";"RRE"
"125C";"RMR K"
"125C";"RMR E"
"127A";"FFO G"
"127A";"FFO"
"127A";"FFS"
"127A";"FFS A"
"127A";"FLS"
"127A";"FNIS"
"127A";"FNISA"
"127A";"FBUS"
"127A";"FLG"
"127A";"FEZ"
"127A";"FDA"
"127A";"FD  G"
"127C";"FFU"
"127C";"FFU B"
"127C";"FNF N"
"127C";"FNF"
"127C";"FNFS"
"127C";"FFD"
"127C";"FSUEZ"
"127C";"FSUE"
"127C";"FSA"
"127C";"FBSS"
"127C";"FWAE"
"127C";"FWIR"
"127C";"FHAI"
"127C";"FGEL"
"127C";"FHME"
"127C";"FNMI"
"127C";"FSLB"
"127C";"FROD"
"127C";"FWFG"
"127C";"FH  N"
"127C";"FHW"
"127C";"FHWB"
"127C";"FHD"
"127C";"FBMR"
"127C";"FFMK"
"127C";"FFO V"
"127C";"FFO U"
"127C";"FFO G"
"127D";"FFU"
"127D";"FFU B"
"127D";"FNF N"
"127D";"FNF"
"127D";"FNFS"
"127D";"FFD"
"127D";"FSUEZ"
"127D";"FSUE"
"127D";"FSA"
"127D";"FBSS"
"127D";"FWAE"
"127D";"FWIR"
"127D";"FHAI"
"127D";"FGEL"
"127D";"FHME"
"127D";"FNMI"
"127D";"FSLB"
"127D";"FROD"
"127D";"FWFG"
"127D";"FRW"
"127D";"FGK"
"127D";"FQKL"
"127D";"FKLM"
"127D";"FDET"
"127D";"FRS"
"127D";"FKO"
"127D";"FSTE"
"127D";"FMAA"
"127D";"FSTK"
"127D";"FQBA"
"127D";"FBA"
"127D";"FHER"
"127D";"FAT"
"127D";"FDI"
"127D";"FMES"
"127D";"FDK"
"127D";"FFU W"
"127E";"FD  G"
"127E";"FD"
"127E";"FDS"
"127E";"FDE N"
"127E";"FDE"
"127E";"FBI N"
"127E";"FBI"
"127E";"FHAE"
"127E";"FZW"
"127E";"FBAU"
"127E";"FBH"
"127E";"FHP N"
"127E";"FHP"
"127E";"YFRLH"
"127E";"RQLC"
"127E";"RLCH"
"127E";"RHCH"
"127E";"RWE"
"127E";"RLUE"
"127E";"RGCH"
"127E";"RLD"
"127E";"RMF"
"129";"NBA"
"129";"NHN"
"129";"NOH"
"129";"NSTAA"
"129";"NSTAF"
"129";"NEE"
"129";"NZK"
"129";"NZ"
"129";"NHT"
"129";"NGAE"
"129";"NSST"
"129";"NSMT"
"129";"NS"
"129";"NBR"
"129";"NWA"
"129";"NMHW"
"129";"NARN"
"129";"NT"
"129";"NEM"
"129";"NWFD"
"129";"NGM"
"129A";"FB"
"129A";"FLAE"
"129A";"FBLA"
"129A";"FME"
"129A";"FFL"
"129A";"FBHF"
"129A";"FOBN"
"129A";"FNK"
"129A";"FBUH"
"129A";"FHUE"
"129A";"FMR"
"129A";"FGHF"
"129A";"FFU N"
"129A";"FFU"
"129A";"FFU G"
"131A";"NWH"
"131A";"NWH F"
"131A";"NWZ"
"131A";"NVE"
"131A";"NTHM"
"131A";"NREZ"
"131A";"NHIS"
"131A";"NKA"
"131A";"NWFH"
"131A";"NGM"
"131B";"FFU"
"131B";"FFU G"
"131B";"FFU W"
"131B";"FFU B"
"131B";"FNF N"
"131B";"FNF"
"131B";"FNFS"
"131B";"FFD"
"131B";"FEL"
"131B";"FSTZ"
"131B";"YFNJ"
"131B";"NJS"
"131B";"NQJS"
"131B";"NOBS"
"131B";"NMSN"
"131B";"NBN"
"131B";"NSB"
"131B";"NRCK"
"131B";"NZG"
"133A";"EHRBS"
"133A";"EHRBW"
"133A";"EHRI"
"133A";"EPK"
"133A";"EBKM"
"133A";"EOD"
"133A";"EHOR"
"133A";"ELUS"
"133A";"EDAT"
"133A";"ERHO"
"133A";"EBLT"
"133A";"EWSH"
"133A";"EGBN"
"133A";"EGBW"
"133A";"EBTB"
"133A";"EBTHG"
"133A";"EBTHP"
"133A";"EOS T"
"133A";"EOS U"
"133A";"EOS E"
"133A";"EWAZ"
"133A";"EOBRO"
"133A";"EOBRM"
"133B";"EOBRM"
"133B";"EOBRW"
"133B";"EOBRS"
"133B";"EDMO"
"133B";"EDME"
"133B";"EDBG"
"133B";"KMEE"
"133B";"KMO"
"133B";"KMO G"
"133B";"KTR"
"133B";"KMUH"
"133B";"KKRU"
"133B";"KKRL"
"133B";"KBMW"
"133B";"KLOC"
"133B";"KMBO"
"133B";"KWEB"
"133B";"KN  O"
"133B";"KNOKA"
"133B";"KNSD"
"133B";"KNO"
"133B";"KNAL"
"133B";"KNIV"
"133B";"KDO"
"133B";"KDBWN"
"133B";"KDBW"
"133B";"KKWO"
"133B";"KKL"
"133B";"KKN F"
"133B";"KKN E"
"133B";"KKNA"
"133B";"KKW F"
"133B";"KKRX"
"137";"EHGGB"
"137";"EHGGW"
"137";"EHG"
"137";"EREH"
"137";"EHGP"
"137";"EENP"
"137";"KSWE"
"137";"KWO"
"137";"KWBA"
"137";"KW"
"137";"KWV"
"137";"KLID"
"137";"KGUI"
"137";"KHAN"
"137";"KSO"
"137";"KLEL"
"137";"KOPL"
"137";"KWER"
"137";"KLM"
"137";"KKANE"
"137";"KKANO"
"137";"KKANN"
"139A";"EXEM"
"139A";"EEM"
"139A";"EPRA"
"139A";"EMIL"
"139A";"EEMP"
"139A";"EHAD"
"139A";"EMHO"
"139A";"EWFK"
"139A";"EWES"
"139A";"EFFD"
"139A";"EVDU"
"139A";"EVD"
"139A";"EDIN"
"139A";"EOHT"
"139A";"EOSD"
"139A";"EOB N"
"139B";"EOB N"
"139B";"EOB O"
"139B";"EEDZ"
"139B";"EEDL"
"139B";"EEBE"
"139B";"EEAL"
"139B";"EEKB"
"139B";"EG"
"139B";"EWAN"
"139B";"EWANF"
"139B";"EHEO"
"139B";"EBGZ"
"139B";"EBRI"
"139B";"YEEBP"
"139B";"EBNO"
"139B";"EPVP"
"139B";"EBLAI"
"139B";"EBLAG"
"139B";"EBLAS"
"139B";"EBLAZ"
"139B";"ESTR"
"139B";"EWIT"
"139B";"EWIH"
"139B";"EWGO"
"139B";"EHGVS"
"139B";"EHGVF"
"139B";"EHGV"
"143";"EHGV"
"143";"ERWH"
"143";"EHGS"
"143";"EHGK"
"143";"EHGH"
"143";"EBST"
"143";"EHOG"
"143";"ELE"
"143";"ENCH"
"143";"EALN"
"143";"EMKE"
"143";"EWHL"
"143";"EPLT"
"143";"EFP"
"143";"EGVB"
"143";"EMEG"
"143";"EA"
"143";"EKHU"
"143";"EWSE"
"143";"ELTF"
"143";"EEHS"
"143";"EKT"
"143";"EKT G"
"143";"EHTG"
"143";"ENHA"
"143";"ESW"
"143";"ESIG"
"143B";"ESIG"
"143B";"ESIS"
"143B";"ENDI"
"143B";"ERUD"
"143B";"EQRU"
"143B";"FDBT"
"143B";"FRB"
"143B";"FHG"
"143B";"YDFHS"
"143B";"FSN"
"143B";"FDIL"
"143B";"FDILS"
"143B";"FNDS"
"143B";"FBUN"
"143B";"FHRB"
"143B";"FSI"
"143B";"FEDI"
"143B";"FKFT"
"143B";"FEHR"
"143B";"FWDF"
"143B";"FAL"
"143B";"FWR"
"143B";"FWR G"
"143B";"FDTH"
"143B";"FGB"
"145B";"KAW P"
"145B";"KAW G"
"145B";"KRIC"
"145B";"KKOS"
"145B";"KHEZ"
"145B";"KNIS"
"145B";"KUBP"
"145B";"KGEK"
"145B";"KLD"
"145B";"KBRC"
"145B";"KBA"
"145B";"KBAG"
"145B";"KERZ"
"145B";"KHER"
"145B";"KHERN"
"145B";"KWIC"
"145B";"KRY G"
"145B";"KRY P"
"145B";"KM"
"145B";"KVH"
"145B";"KV  G"
"145B";"KV"
"145B";"KANR"
"145B";"KFOS"
"145B";"KKR"
"145B";"KKRO"
"145B";"KKRL"
"145B";"KKRX"
"145B";"KKRU"
"145B";"KHB"
"145B";"KMUH"
"145B";"KRH"
"145B";"KRHO"
"145B";"EDHP"
"145B";"EDHZ"
"145B";"EDHDO"
"145B";"ELOT"
"145B";"ESI"
"145B";"ERTL"
"145B";"EOBRS"
"145B";"EOBRW"
"145B";"EOBRM"
"147";"XNVL"
"147";"XNVLO"
"147";"KXKK"
"147";"KKAK"
"147";"KBRY"
"147";"KBOI"
"147";"KDUL"
"147";"KV"
"147";"KV  G"
"147";"KVH"
"147";"KM"
"147";"KRY P"
"147";"KRYO"
"147";"KHOK"
"147";"KJUC"
"147";"KGRB"
"147";"KERW"
"147";"KROM"
"147";"KSOM"
"147";"KPUL"
"147";"KKERW"
"147";"KKERG"
"147";"KKERP"
"147";"KKW F"
"149";"KAW P"
"149";"KASZ"
"149";"KA"
"149";"KAREP"
"149";"KAREG"
"149";"KEIL"
"149";"KST P"
"149";"KST G"
"149";"KE"
"149";"KLAW"
"149";"KHUB"
"149";"KDN P"
"149";"KDN G"
"149";"KDOS"
"149";"KSID"
"149";"KHR"
"149";"KLOV"
"149";"KKERG"
"149";"KKERP"
"149";"KKW F"
"15";"WRS"
"15";"WRSS"
"15";"WRKD"
"15";"WRK"
"15";"WWBO"
"15";"WWBW"
"15";"WDF N"
"15";"WDF"
"15";"WKV"
"15";"WST"
"15";"WKRP"
"15";"WLA"
"15";"WSBN"
"15";"WSBA"
"15";"WPZ"
"15";"WPZA"
"15";"WLDO"
"15";"WLG"
"15";"WVR"
"15";"WGOH"
"15";"WWR"
"15";"WKGW"
"15";"WKG"
"15";"WNT"
"15";"WDRE"
"15";"WQF"
"15";"WF"
"15";"WDWE"
"15";"WSEI"
"15";"WGRA"
"15";"WLO"
"15";"WGRG"
"15";"WNAS"
"15";"BSAH"
"15";"BOR"
"15";"BBOD"
"15";"BBI N"
"15";"BBI"
"15";"WRD"
"151";"KG  H"
"151";"KGS"
"151";"KPR"
"151";"KT  V"
"151";"KT  N"
"151";"KT"
"151";"KSIB"
"151";"KHEN"
"151";"KHES"
"151";"KBLB"
"151";"KMES"
"151";"KEIT"
"151";"KHEC"
"151";"KDAT"
"151";"KSLA"
"151";"KROS"
"151";"KAU"
"151";"KQAU"
"151";"EEZB"
"151";"EEZK"
"151";"EKAU"
"151";"EWIN"
"151";"ENDV"
"151";"ESCF"
"151";"EBZ"
"151";"EKIR"
"151";"EFBU"
"151";"EBRB"
"151";"EMUD"
"151";"EQND"
"151";"ENDN"
"151";"ENDO"
"151";"EEFD"
"151";"ESIE"
"151";"ESIG"
"151";"KG  C"
"153";"KG  H"
"153";"KGS"
"153";"KPR"
"153";"KT  V"
"153";"KT"
"153";"KFWH"
"153";"KMD"
"153";"KBB"
"153";"KBO"
"153";"KND"
"153";"KKOW"
"153";"KRHD"
"153";"KHBD"
"153";"KQHB"
"153";"YDFHU"
"153";"KUN"
"153";"KERP"
"153";"KLI"
"153";"KLEU"
"153";"KHGB"
"153";"KRBR"
"153";"KLET"
"153";"KNE"
"153";"KNE G"
"153";"KENR"
"153";"KBEN"
"153";"KVA"
"153";"KKOE"
"153";"KPFD"
"153";"YFFNL"
"153";"KNL N"
"153";"KNL"
"153";"KOL"
"153";"KOL G"
"153";"KBRB"
"153";"KOSS"
"153";"FFI"
"153";"FKMP"
"153";"FKES"
"153";"FSGH"
"153";"FLY"
"153";"FKAU"
"153";"FQLO"
"153";"FLON"
"153";"FLOR"
"153";"FLOU"
"153";"FAH"
"153";"FRDH"
"153";"FGSM"
"153";"FOE"
"153";"FHAT"
"153";"FERB"
"153";"FELT"
"153";"FELTO"
"153";"FNWF"
"153";"FWS"
"153";"FWB"
"153";"FWB A"
"153";"FWO G"
"153";"FWO B"
"153";"FMK"
"153";"FKOS"
"153";"FKOO"
"153";"FMB P"
"153";"FMB W"
"153";"FMB M"
"153";"KG  C"
"155B";"FMB O"
"155B";"FMB A"
"155B";"FNU"
"155B";"FGER"
"155B";"FDG"
"155B";"FDOH"
"155B";"FLW"
"155B";"FGE"
"155B";"FSTR"
"155B";"FBBM"
"155B";"FGHM"
"155B";"FGRO"
"155B";"FBL"
"155B";"FBST"
"155B";"FBUP"
"155B";"FLP"
"155B";"YFRML"
"155B";"RQMW"
"155B";"RMW G"
"155B";"RMW"
"155B";"RMKL"
"155B";"RRE"
"155B";"RMR K"
"155B";"RMR E"
"157";"KKOLM"
"157";"KKOL"
"157";"KKSM"
"157";"KKO"
"157";"KKOB"
"157";"KRHE"
"157";"KSPA"
"157";"KBOP"
"157";"KSAL"
"157";"KHIR"
"157";"FWER"
"157";"FSGO"
"157";"FURBN"
"157";"FURBS"
"157";"FOBW"
"157";"FBCH"
"157";"FNDH"
"157";"FTRE"
"157";"FBGKV"
"157";"FBGK"
"157";"FBGN"
"157";"FBGG"
"157";"FGAL"
"157";"FIL"
"157";"FHEI"
"157";"FUR"
"157";"FBUD"
"157";"FMM"
"157A";"KKE A"
"157A";"KKE K"
"157A";"KKAS"
"157A";"KKASS"
"157A";"KBR G"
"157A";"KBR P"
"157A";"KSEC"
"157A";"KROI"
"157A";"KB  G"
"157A";"KB"
"157A";"KBBN"
"157A";"KBBG"
"157A";"KBM"
"157A";"KNEW"
"157A";"KQNE"
"157A";"YDFNR"
"157A";"KROL"
"157A";"KOWI"
"157A";"KRE"
"157A";"KSIZ"
"157A";"KBRE"
"157A";"KBRO"
"157A";"KNAM"
"157A";"KNAMN"
"157A";"KAND"
"157A";"KWEH"
"157A";"KUR"
"157A";"KKOLN"
"157A";"KKOLM"
"157B";"FMM"
"157B";"FMZ A"
"157B";"FMZ"
"157B";"FMS"
"157B";"FMWG"
"157B";"FML"
"157B";"FBOD"
"157B";"FNAC"
"157B";"FNIR"
"157B";"FOPP"
"157B";"FGUB"
"157B";"FAHM"
"157B";"FMET"
"157B";"YFKMO"
"157B";"FOHF"
"157B";"FWORE"
"157B";"FWOR"
"157B";"RBOB"
"157B";"RFT"
"157B";"RLO"
"157B";"RRK"
"157B";"RL  N"
"157B";"RL"
"157B";"RL  S"
"157B";"RLSM"
"157B";"RQL"
"157B";"RM"
"157B";"RM  O"
"157B";"RMR W"
"157B";"RMR K"
"157B";"RMR G"
"157B";"RQLM"
"161";"KKOLM"
"161";"KKOL"
"161";"KKOM"
"161";"SKOW"
"161";"SGS"
"161";"SWI"
"161";"SKG"
"161";"SLE"
"161";"SKTS"
"161";"SLF"
"161";"SHZ"
"161";"SMK"
"161";"SMD"
"161";"STK"
"161";"SPOM"
"161";"SKT"
"161";"SCOC"
"161";"SEE"
"161";"SNF"
"161";"SBY"
"161";"SPDR"
"161";"SBG"
"161";"SUG"
"161";"SWIH"
"161";"SSMR"
"161";"SSMT"
"161";"SSE"
"161";"SHR"
"161";"SFOE"
"161";"SSWE"
"161";"SQI"
"161";"SEGO"
"161";"SEG"
"161";"SEG N"
"163A";"FGB"
"163A";"FGL"
"163A";"FLGS"
"163A";"FKGS"
"163A";"FBZ"
"163A";"FOM"
"163A";"FBNA"
"163A";"FFG"
"163A";"FFG H"
"163A";"FAS"
"163A";"FHWD"
"163A";"FOS"
"163A";"FBK"
"163A";"FHN"
"163A";"FRW"
"163A";"FGK"
"163A";"FQKL"
"163A";"FKLM"
"163A";"FDET"
"163A";"FRS"
"163A";"FKO"
"163A";"FSTE"
"163A";"NAH A"
"163A";"NAH"
"163B";"NLP"
"163B";"NNAN"
"163B";"NLO"
"163B";"NPAR"
"163B";"NWI"
"163B";"NHEI"
"163B";"NHEIW"
"163B";"NLA"
"163B";"YFMLH"
"163B";"NHOE"
"163B";"NAH G"
"163B";"NAH"
"165";"SEG N"
"165";"SEG O"
"165";"STR N"
"165";"STR"
"165";"STRS"
"165";"SKU"
"165";"SKZK"
"165";"SKZ"
"165";"SKAZ"
"165";"SWIG"
"165";"SSOF"
"165";"SSAB"
"165";"SSER"
"165";"STB"
"165";"YFKST"
"165";"SQSL"
"165";"SSLB"
"165";"SMT"
"165";"SBES"
"165";"SMZS"
"165";"SMZM"
"165";"SMZG"
"165";"SFF"
"165";"SBE"
"165";"SDLK"
"165";"SDL"
"165";"SDLS"
"165";"SSLS"
"165";"SSLV"
"165";"SEN"
"165";"SBO"
"165";"SVLW"
"165";"SVL"
"165";"SLU"
"165";"SSHI"
"165";"SSB"
"165";"SSH W"
"165";"SSR M"
"165";"SSR N"
"165";"SSR W"
"165";"SSH R"
"165";"SSH S"
"167";"SSR N"
"167";"SDUW"
"167";"SSZ"
"167";"SSZA"
"167";"SFI"
"167";"SFIM"
"167";"SBDS"
"167";"SLWR"
"167";"SNK"
"167";"SNKW"
"167";"SNKE"
"167";"SBX"
"167";"SHO"
"167";"SQBU"
"167";"SBUM"
"167";"SHPT"
"167";"SLDN"
"167";"SLD"
"167";"SKIB"
"167";"SEF"
"167";"SVO"
"167";"SKLS"
"167";"SKEN"
"167";"SKL"
"167";"SHY"
"167";"SHY O"
"167";"RFST"
"167";"RWD"
"167";"RNFS"
"167";"RWDG"
"167";"RNFL"
"167";"RLBP"
"167";"RN"
"167";"RNBO"
"167";"RN  O"
"167";"RHLO"
"167";"RBOH"
"167";"RBOE"
"167";"RBOA"
"167";"RSD"
"167";"RLI"
"167";"RLIA"
"167";"RLUR"
"167";"RLUM"
"167";"RL  K"
"167";"RL  T"
"167";"RL  S"
"167";"RLSM"
"167";"RQLM"
"167";"RM"
"167";"RM  O"
"167";"RMR W"
"167";"RMR K"
"167";"RMR G"
"167A";"SSR N"
"167A";"SSR O"
"167A";"SSH O"
"167A";"SSO"
"167A";"SSU"
"167A";"SSD"
"167A";"SRE"
"167A";"SSI"
"167A";"SRO"
"167A";"SKI"
"167A";"SLB"
"167A";"SHO"
"167A";"SQBU"
"167A";"SBUM"
"167A";"SHPT"
"167A";"SLDN"
"167A";"SLD"
"167A";"SKIB"
"167A";"SEF"
"167A";"SVO"
"167A";"SKLS"
"167A";"SKEN"
"167A";"SKL"
"167A";"SHY"
"167A";"SHY O"
"167A";"RFST"
"167A";"RWD"
"167A";"RNFS"
"167A";"RWDG"
"167A";"RNFL"
"167A";"RLBP"
"167A";"RN"
"167A";"RNBO"
"167A";"RN  O"
"167A";"RHLO"
"167A";"RBOH"
"167A";"RBOE"
"167A";"RBOA"
"167A";"RSD"
"167A";"RLI"
"167A";"RLIA"
"167A";"RLUR"
"167A";"RLUM"
"167A";"RL  K"
"167A";"RL  T"
"167A";"RL  S"
"167A";"RLSM"
"167A";"RQLM"
"167A";"RM"
"167A";"RM  O"
"167A";"RMR W"
"167A";"RMR K"
"167A";"RMR G"
"169";"RMR D"
"169";"RZHB"
"169";"RSZ"
"169";"ROFH"
"169";"RSZ S"
"169";"RHK"
"169";"RNL"
"169";"RWG"
"169";"RWI"
"169";"RMZ"
"169";"RGN"
"169";"RFTL"
"169";"RBAN"
"169";"RKHA"
"169";"RKR"
"169";"RMR M"
"17";"WPS"
"17";"WA"
"17";"WCO"
"17";"WCOK"
"17";"WBR"
"17";"WE"
"17";"WMCH"
"17";"WBT"
"17";"WRZ"
"17";"BBRN"
"17";"BQBU"
"17";"BKAR"
"171";"RKR"
"171";"RBRU"
"171";"RETL"
"171";"RBRH"
"171";"RMS"
"171";"RMU"
"171";"RRA"
"171";"RRAS"
"171";"RHEB"
"171";"RBB"
"171";"RSZN"
"171";"RSZM"
"171";"RBBL"
"171";"RBUE"
"171";"ROW"
"171";"RAH"
"171";"RR"
"171";"RAPR"
"171";"RAP"
"171";"RAPK"
"171";"RLT"
"171";"RKOR"
"171";"RKL"
"171";"RXKL"
"171A";"RKR"
"171A";"RKUW"
"171A";"RDA"
"171A";"RFM"
"171A";"RBAS"
"171A";"RDUN"
"171A";"RDRM"
"171A";"RBIE"
"171A";"ROH"
"171A";"RRA"
"171A";"RRAS"
"171A";"RHEB"
"171A";"RBB"
"171A";"RSZN"
"171A";"RSZM"
"171A";"RBBL"
"171A";"RBUE"
"171A";"ROW"
"171A";"RAH"
"171A";"RR"
"171A";"RAPR"
"171A";"RAP"
"171A";"RAPK"
"171A";"RLT"
"171A";"RKOR"
"171A";"RKL"
"171A";"RXKL"
"173A";"RXKL"
"173A";"RKL"
"173A";"RKOR"
"173A";"RLT"
"173A";"RAPK"
"173A";"RAPP"
"173A";"RAPM"
"173A";"RWAE"
"173A";"ROG E"
"173A";"ROG A"
"173B";"ROG A"
"173B";"RO"
"173B";"RO  S"
"173B";"RNS"
"173B";"RFH"
"173B";"RLSW"
"173B";"RORW"
"173B";"RRI"
"173B";"RHZ"
"173B";"RKN"
"173B";"RRL"
"173B";"RKOE"
"173B";"RTMU"
"173B";"REMM"
"173B";"RKLR"
"173B";"RDZ"
"173B";"RGDN"
"173B";"RFG"
"173C";"RFG"
"173C";"RFGS"
"173C";"RLS"
"173C";"REBR"
"173C";"RSAL"
"173C";"RNO"
"173C";"RBKR"
"173C";"RHE"
"173C";"RBGG"
"173C";"RML"
"173C";"RAUG"
"173C";"RSG N"
"173C";"RHL"
"173C";"RW"
"177A";"RKR"
"177A";"RBRU"
"177A";"RETL"
"177A";"RBRH"
"177A";"RMS"
"177A";"RMU"
"177A";"RRA"
"177A";"RRAS"
"177A";"RHEB"
"177A";"RBB"
"177A";"RSZN"
"177A";"RSZM"
"177A";"RBBL"
"177A";"RBUE"
"177A";"ROW"
"177A";"RAH"
"177A";"RR"
"177A";"RAPR"
"177A";"RAP"
"177A";"RAPM"
"177A";"RWAE"
"177A";"ROG E"
"177A";"ROG A"
"177B";"RKR"
"177B";"RKUW"
"177B";"RDA"
"177B";"RFM"
"177B";"RBAS"
"177B";"RDUN"
"177B";"RDRM"
"177B";"RBIE"
"177B";"ROH"
"177B";"RRA"
"177B";"RRAS"
"177B";"RHEB"
"177B";"RBB"
"177B";"RSZN"
"177B";"RSZM"
"177B";"RBBL"
"177B";"RBUE"
"177B";"ROW"
"177B";"RAH"
"177B";"RR"
"177B";"RAPR"
"177B";"RAP"
"177B";"RAPM"
"177B";"RWAE"
"177B";"ROG E"
"177B";"ROG A"
"181";"RMR D"
"181";"RZHB"
"181";"RSZ"
"181";"ROFH"
"181";"RSZ S"
"181";"RHK"
"181";"RNL"
"181";"RWG"
"181";"RWI"
"181";"RMZ"
"181";"RGN"
"181";"RKF"
"181";"RBMT"
"181";"RBRL"
"181";"RBRP"
"181";"RBR"
"181";"RBRO"
"181";"RBRE"
"181";"RBRF"
"181";"RHIO"
"181";"RHI"
"181";"RHSM"
"181";"RGOS"
"181";"RGO"
"181";"RBTD"
"181";"RBT"
"181";"RBTN"
"181";"RBTI"
"181";"TKNK"
"181";"TOED"
"181";"TMW"
"181";"TOET"
"181";"TM  N"
"181";"TM"
"181";"TMRO"
"181";"TIL"
"181";"TV"
"181";"TAIB"
"181";"YTTSE"
"181";"TSER"
"181";"TSA"
"181";"TBME"
"181";"TBM"
"181";"TTM"
"181";"TAX"
"181";"TLU"
"181";"TK  W"
"181";"TK  N"
"181";"RMR M"
"183";"RKR"
"183";"RKDU"
"183";"RGZ"
"183";"RSLZ"
"183";"RSLR"
"183";"RSL"
"183";"RSLA"
"183";"RKBA"
"183";"TWL"
"183";"TKB"
"183";"TBIL"
"183";"TERW"
"183";"TERS"
"183";"TIP"
"183";"TPH"
"183";"TEB"
"183";"TNF"
"183";"TEZ"
"183";"TM  S"
"183";"TM"
"183";"TMRO"
"183";"TIL"
"183";"TV"
"183";"TAIB"
"183";"YTTSE"
"183";"TSER"
"183";"TSA"
"183";"TBME"
"183";"TBM"
"183";"TTM"
"183";"TAX"
"183";"TLU"
"183";"TK  W"
"183";"TK  N"
"185";"RMR D"
"185";"RMFE"
"185";"RMFS"
"185";"RHBW"
"185";"RHBP"
"185";"RH"
"185";"RHBF"
"185";"RHKA"
"185";"RSR"
"185";"RHBO"
"185";"RNM"
"185";"RNMA"
"185";"RQNM"
"185";"RNT"
"185";"RNH"
"185";"RHO"
"185";"RQHO"
"185";"REA"
"185";"RLID"
"185";"RZW"
"185";"RNA"
"185";"RBIN"
"185";"RNZ"
"185";"RNEZ"
"185";"RHAS"
"185";"RGUN"
"185";"ROU"
"185";"TBF S"
"185";"TBF"
"185";"TBFS"
"185";"TBKA"
"185";"TBK"
"185";"TN"
"185";"THST"
"185";"TH"
"185";"TH  G"
"185";"TH  S"
"185";"TH  K"
"185";"TNO"
"185";"TLN"
"185";"TKM"
"185";"TKMA"
"185";"TWH"
"185";"TBEA"
"185";"TBE"
"185";"TBM"
"185";"TTM"
"185";"TAX"
"185";"TLU"
"185";"TK  W"
"185";"TK  N"
"185";"RMR M"
"187A";"FMB M"
"187A";"FMB O"
"187A";"FMB A"
"187A";"FNU"
"187A";"FGER"
"187A";"FGERO"
"187A";"FEIM"
"187A";"FKGE"
"187A";"FWI"
"187A";"FSTN"
"187A";"FBSN"
"187A";"FDN"
"187A";"FDK"
"187A";"FMB W"
"187B";"FDK"
"187B";"FMES"
"187B";"FDI"
"187B";"FAT"
"187B";"FHER"
"187B";"FBA"
"187B";"FQBA"
"187B";"FSTK"
"187B";"FMAA"
"187B";"FMAS"
"187B";"NAH A"
"187B";"NAH"
"19";"BKP"
"19";"BFHG"
"19";"BRDF"
"19";"BQER"
"19";"BERK"
"19";"BFS"
"19";"BHGB"
"19";"BFUW"
"19";"BBKR"
"19";"BBSN"
"19";"BJF"
"19";"BPIL"
"19";"BFRS"
"19";"BFP"
"19";"BODK"
"191";"NWH"
"191";"NWS"
"191";"NWHWU"
"191";"NWHW"
"191";"TRCB"
"191";"TGN"
"191";"TKU"
"191";"TQGR"
"191";"TGRN"
"191";"TWIT"
"191";"TZI"
"191";"TGRS"
"191";"TGRB"
"191";"TGLH"
"191";"TL"
"191";"TKF"
"191";"TBOX"
"191";"YKMBE"
"191";"TEU"
"191";"TRBG"
"191";"TO"
"191";"TAD"
"191";"TSE"
"191";"TRO"
"191";"TML"
"191";"TZU"
"191";"TSY"
"191";"TND"
"191";"THZ"
"191";"TUG"
"191";"TBF"
"191";"TBFS"
"191";"TBKA"
"191";"TBK"
"191";"TN"
"191";"THST"
"191";"TH"
"191";"TH  G"
"191";"TH  S"
"191";"TH  K"
"191";"TNO"
"191";"TLN"
"191";"TKM"
"191";"TKMA"
"191";"TWH"
"191";"TBEA"
"191";"TBE"
"191";"TBM"
"191";"TTM"
"191";"TAX"
"191";"TLU"
"191";"TKAH"
"191";"TK  O"
"191";"TK  N"
"193A";"NWH"
"193A";"NWS"
"193A";"NWHWU"
"193A";"NWHO"
"193A";"NWN"
"193A";"NGOD"
"193A";"NOF"
"193A";"NMT"
"193A";"NHH"
"193A";"NU"
"193A";"NERM"
"193A";"NSTN"
"193A";"NBUW"
"193A";"NON"
"193A";"NLE"
"193A";"NAN"
"193A";"NANS"
"193A";"NTF"
"193A";"NMS"
"193A";"NGUN"
"193A";"NWD"
"193A";"MTL"
"193B";"MN  A"
"193B";"MN  M"
"193B";"MN  F"
"193B";"YMMOL"
"193B";"MOL"
"193B";"MMA A"
"193B";"MMAM"
"193B";"MHMR"
"193B";"MAHB"
"193B";"MMR"
"193B";"MSAF"
"193B";"MKIS"
"193B";"MAHZH"
"193B";"MAHA"
"193B";"MA"
"193B";"MAOB"
"193B";"MGHF"
"193B";"MGAL"
"193B";"MLAW"
"193B";"MSTW"
"193B";"MHEH"
"193B";"MMEI"
"193B";"MWDF"
"193B";"MNOD"
"193B";"MMTG"
"193B";"MBHM"
"193B";"MDT"
"193B";"MMDL"
"193B";"MOTW"
"193B";"MTL"
"193B";"MN  T"
"195";"MN  A"
"195";"MN  M"
"195";"MN  F"
"195";"YMMOL"
"195";"MOL"
"195";"MMA A"
"195";"MMAM"
"195";"MHMR"
"195";"MAHB"
"195";"MMR"
"195";"MSAF"
"195";"MKIS"
"195";"MAHZH"
"195";"MAHA"
"195";"MA"
"195";"MAOB"
"195";"MAHI"
"195";"MNES"
"195";"MWHS"
"195";"MDID"
"195";"MGHN"
"195";"MKUN"
"195";"MDKS"
"195";"MFHD"
"195";"MFHU"
"195";"MJET"
"195";"MBGU"
"195";"MMAH"
"195";"MOFF"
"195";"YKMNO"
"195";"MNFG"
"195";"MGZB"
"195";"MLEH"
"195";"MUFH"
"195";"MNSG"
"195";"MNM"
"195";"TQUF"
"195";"TU"
"195";"TU  R"
"195";"TQUR"
"195A";"TK  S"
"195A";"TSZA"
"195A";"TSZAH"
"195A";"TSM"
"195A";"TSEB"
"195A";"TSU"
"195A";"TSU P"
"195A";"TSOM"
"195A";"TEMEF"
"195A";"TE"
"195A";"TOESF"
"195A";"TEZLF"
"195A";"TACHF"
"195A";"TP"
"195A";"TRF"
"195A";"TEC"
"195A";"TUH"
"195A";"TFAU"
"195A";"TGO"
"195A";"TEF"
"195A";"TSAL"
"195A";"TSD"
"195A";"TGI"
"195A";"TGIS"
"195A";"TKUC"
"195A";"TGW"
"195A";"TG"
"195A";"TAM"
"195A";"TURS"
"195A";"TLON"
"195A";"TWS"
"195A";"TWSH"
"195A";"TBS"
"195A";"TUOE"
"195A";"TU  N"
"195A";"TU  R"
"195A";"TK  O"
"197B";"MIH"
"197B";"MIN"
"197B";"MINU"
"197B";"MGH"
"197B";"MEI"
"197B";"MTA"
"197B";"MAD"
"197B";"MEB"
"197B";"MDO"
"197B";"MSO"
"197B";"MPP"
"197B";"MTL"
"201";"NNR A"
"201";"NNR B"
"201";"NHMA"
"201";"NNST"
"201";"NUA"
"201";"NOA"
"201";"NAWN"
"201";"NRL"
"201";"NRW"
"201";"NRAH"
"201";"NHE"
"201";"NPEN"
"201";"NWK"
"201";"NSA"
"201";"NAN"
"201";"NLE"
"201";"NON"
"201";"NBUW"
"201";"NSTN"
"201";"NERM"
"201";"NU"
"201";"NHH"
"201";"NMT"
"201";"NOF"
"201";"NGOD"
"201";"NWN"
"201";"NWHO"
"201";"NWHWU"
"201";"NWS"
"201";"NWH"
"203";"NNR A"
"203";"NNR B"
"203";"NHMA"
"203";"NNGR"
"203";"NF  G"
"203";"NF"
"203";"NFUF"
"203";"NFUA"
"203";"NFBB"
"203";"NSDF"
"203";"NPU"
"203";"NHBU"
"203";"NEK"
"203";"NNAM"
"203";"NNA"
"203";"NLD"
"203";"NMB"
"203";"NHZM"
"203";"NMEI"
"203";"NI"
"203";"NMM"
"203";"NKN"
"203";"NBM"
"203";"NDEB"
"203";"NRTD"
"203";"NWH"
"207A";"NNR A"
"207A";"NNR B"
"207A";"NNEI"
"207A";"NNRF"
"207A";"NSC"
"207A";"NRO"
"207A";"NUT"
"207A";"NGE"
"207A";"NMST"
"207A";"NPLF"
"207A";"NEL"
"207A";"NWG"
"207A";"MTL"
"209";"MN  A"
"209";"MN  M"
"209";"MN  F"
"209";"MKF"
"209";"MDA"
"209";"MRM"
"209";"MPE"
"209";"MPD"
"209";"MRS"
"209";"MPF"
"209";"MUHO"
"209";"MRBI"
"209";"MPBU"
"209";"MBAE"
"209";"MIH"
"209";"MN  T"
"21";"BRSF"
"21";"BPM"
"21";"BDAB"
"21";"BZO A"
"21";"BZO"
"21";"BWUE"
"21";"BNE"
"21";"BBA"
"21";"BKDF"
"21";"BGO"
"21";"BDF"
"21";"BUK"
"21";"BWA"
"21";"BBRS"
"21";"BDKN"
"21";"BDKO"
"21";"BRO"
"21";"YBLOR"
"21";"BHL"
"21";"BEW"
"21";"YLLEW"
"21";"BPW"
"21";"BQFR"
"21";"BFR"
"21";"DZT"
"21";"DGB"
"21";"DKOT"
"21";"DWE"
"21";"DAZ"
"21";"DRBA"
"21";"DRBN"
"21";"DNI"
"21";"DPUM"
"21";"DCB"
"21";"DSTT"
"21";"DKE"
"21";"DCT"
"21";"DCTA"
"21";"DF"
"215A";"NNR A"
"215A";"NNLW"
"215A";"NFIN"
"215A";"NRWD"
"215A";"NFT"
"215A";"NFTO"
"215A";"NOK"
"215A";"NMIM"
"215A";"NBUT"
"215A";"NOB"
"215A";"NPOH"
"215A";"NPG"
"215A";"NNT"
"215A";"NDE"
"215A";"NBH"
"215A";"NSF"
"215A";"NPB"
"215A";"NMSM"
"215A";"NBE"
"215A";"NLB"
"215A";"NDN"
"215A";"NUDF"
"215A";"NET"
"215A";"NRPF"
"215A";"NRH B"
"215A";"NRH"
"215A";"NROB"
"215B";"NPA G"
"215B";"NSI"
"215B";"NSAN"
"215B";"NVI"
"215B";"NVIB"
"215B";"NPLG"
"215B";"NGIU"
"215B";"NOS"
"215B";"NPL"
"215B";"NSK"
"215B";"NST"
"215B";"NRA"
"215B";"NSUE"
"215B";"NMG"
"215B";"NOT"
"215B";"NROS"
"215B";"NBWH"
"215B";"NROB"
"221";"MN  A"
"221";"MN  L"
"221";"MMBH"
"221";"MFM"
"221";"MJK"
"221";"MEGS"
"221";"MDFG"
"221";"MTR"
"221";"MWTR"
"221";"MHR"
"221";"MZO"
"221";"MKO"
"221";"MGB"
"221";"MAG"
"221";"MOM"
"221";"MGK"
"221";"MGKU"
"221";"MRO"
"221";"MART"
"221";"MALD"
"221";"MBEF"
"221";"MRG"
"221";"MPR"
"221";"MBN"
"221";"MROT"
"221";"MUS"
"221";"MRUM"
"221";"MBE"
"221";"MTS"
"221";"MHFG"
"221";"MLT"
"221";"MTO"
"221";"MFL"
"221";"MXSZ"
"221";"XALIW"
"221";"XATX"
"221";"XASBG"
"221";"XAAI"
"221";"XAML"
"221";"XASB"
"223";"MN  A"
"223";"MN  L"
"223";"MMBH"
"223";"MFM"
"223";"MJK"
"223";"MEGS"
"223";"MDFG"
"223";"MTR"
"223";"MWTR"
"223";"MHR"
"223";"MZO"
"223";"MKO"
"223";"MGB"
"223";"MAG"
"223";"MOM"
"223";"MGK"
"223";"MGKU"
"223";"MRO"
"223";"MARS"
"223";"MPFR"
"223";"MRA"
"223";"MBB"
"223";"MFLI"
"223";"MFI"
"223";"MODU"
"223";"MOD"
"223";"MKI"
"223";"MXKU"
"223";"XAKN"
"225";"XASB"
"225";"XAML"
"225";"XAAI"
"225";"XASBG"
"225";"XATX"
"225";"XALIW"
"225";"MXSZ"
"225";"MFL"
"225";"MTO"
"225";"MLT"
"225";"MHFG"
"225";"MTS"
"225";"MBE"
"225";"MRUM"
"225";"MUS"
"225";"MROT"
"225";"MBN"
"225";"MPR"
"225";"MRG"
"225";"MBEF"
"225";"MALD"
"225";"MART"
"225";"MARS"
"225";"MPFR"
"225";"MRA"
"225";"MBB"
"225";"MFLI"
"225";"MFI"
"225";"MODU"
"225";"MOD"
"225";"MKI"
"225";"MXKU"
"225";"XAKN"
"251";"FKW"
"251";"FKWK"
"251";"FKWNB"
"251";"FKWNA"
"251";"FIH"
"251";"FQIH"
"251";"FLUT"
"251";"FKAT"
"251";"FLIP"
"251";"YHFJL"
"251";"HJD"
"251";"HSIK"
"251";"HG"
"251";"HNTH"
"251";"HSUH"
"251";"HEDM"
"251";"HAH"
"251";"HORX"
"251";"HGE"
"251";"HNE"
"251";"HAL"
"251";"HDI"
"251";"HSOR"
"251";"HESR"
"251";"HGIF"
"251";"HRIT"
"251";"HHML"
"251";"HWU"
"251";"HWHN"
"251";"HLI R"
"251";"HLI"
"251";"HLIH"
"251";"HAHM"
"251";"HSR O"
"251";"HSR"
"253";"RM"
"253";"RM  O"
"253";"RP"
"253";"RBRW"
"253";"RHK"
"253";"ROBH"
"253";"RSAB"
"253";"RLH"
"253";"RFO"
"253";"RROL"
"253";"RES"
"253";"RKT"
"253";"TFST"
"253";"TMTL"
"253";"TV"
"253";"TGLM"
"253";"TLAF"
"253";"TSZ E"
"253";"TSZA"
"253";"TSZAH"
"253";"TSM"
"253";"TSEB"
"253";"TSU"
"279";"FGB"
"279";"FGL"
"279";"FLGS"
"279";"FKGS"
"279";"FBZ"
"279";"FOM"
"279";"FBNA"
"279";"FFG"
"279";"FFG G"
"279";"FBB"
"279";"FNRW"
"279";"FOK"
"279";"FGKA"
"279";"FDW"
"279";"FVL"
"279";"FVLS"
"279";"FFBK"
"279";"FFBS"
"279";"FFES"
"279";"FFGI"
"279";"FFW A"
"279";"FFW"
"279";"FFME"
"279";"FFGA"
"279";"FFAU"
"279";"FGM"
"279";"FFND"
"279";"FHOE"
"279";"FFAW"
"279";"FHOES"
"279";"FHOEA"
"279";"FSINO"
"279";"FSIN"
"279";"FHAS"
"279";"FED"
"279";"FFH"
"279";"FTM"
"279";"FHM"
"279";"FKOS"
"279";"FKBWO"
"279";"FQKB"
"279";"FKBW"
"279";"FMN"
"279";"FMZ A"
"279";"FMZ"
"279";"FMS"
"279";"FQMS"
"279";"FMG"
"279";"FMB P"
"279";"FMB W"
"279";"FMB M"
"287";"FFO G"
"287";"FFO U"
"287";"FFO V"
"287";"FFMK"
"287";"FBMR"
"287";"FHD"
"287";"FHWB"
"287";"FHW"
"287";"FH  S"
"287";"FGAU"
"287";"FC  A"
"287";"FGK"
"287";"FQKL"
"287";"FKLM"
"287";"FDET"
"287";"FRS"
"287";"FKO"
"287";"FSTE"
"287";"NAH A"
"287";"NAH"
"289";"FFU"
"289";"FFU G"
"289";"FFU W"
"289";"FFU B"
"289";"FNF N"
"289";"FNF"
"289";"FNFS"
"289";"FFD"
"289";"FSUEZ"
"289";"FSUE"
"289";"FSA"
"289";"FBSS"
"289";"FWAE"
"289";"FWIR"
"289";"FHAI"
"289";"FGEL"
"289";"FHME"
"289";"FNMI"
"289";"FSLB"
"289";"FROD"
"289";"FWFG"
"289";"FRW"
"289";"FGK"
"289";"FQKL"
"289";"FKLM"
"289";"FDET"
"289";"FRS"
"289";"FKO"
"289";"FSTE"
"289";"NAH A"
"289";"NAH"
"291";"SEG N"
"291";"SEG O"
"291";"STR N"
"291";"STR"
"291";"STRS"
"291";"SKU"
"291";"SKU M"
"291";"SKU W"
"291";"SWAS"
"291";"SOG"
"291";"STS"
"291";"SWN"
"291";"SNI"
"291";"SWIN"
"291";"SWE"
"291";"SPZ"
"291";"SQPZ"
"291";"SNE"
"291";"SNEC"
"291";"SBS"
"291";"SPE"
"291";"SXPE"
"291";"SEG M"
"293";"HF"
"293";"HSF"
"293";"HLEH"
"293";"HWEA"
"293";"HWED"
"293";"HBUH"
"293";"HSMK"
"293";"HBS"
"295";"FFO G"
"295";"FFO"
"295";"FFS"
"295";"FFOR"
"295";"FNI"
"295";"FMLA"
"295";"FFTGF"
"295";"FHOE"
"295";"FHOEG"
"295";"FHOEA"
"295";"FSINO"
"295";"FSIN"
"295";"FHAS"
"295";"FED"
"295";"FFH"
"295";"FTM"
"295";"FHM"
"295";"FKOS"
"295";"FKBWO"
"295";"FQKB"
"295";"FKBW"
"295";"FMM"
"297";"FD  G"
"297";"FSTN"
"297";"FWI"
"297";"FKGE"
"297";"FEIM"
"297";"FGERO"
"297";"FGER"
"297";"FNU"
"297";"FMB A"
"297";"FMB P"
"297";"FMG"
"297";"FQMS"
"297";"FMS"
"297";"FMZ"
"297";"FMZ A"
"297";"FMM"
"297";"FKBW"
"297";"FQKB"
"297";"FKBWO"
"297";"FKOS"
"297";"FKOO"
"299";"FFO G"
"299";"FFO"
"299";"FFS"
"299";"FFOR"
"299";"FSP"
"299";"FSWF"
"299";"FKCH"
"299";"FBRS"
"299";"FRAC"
"299";"FMOW"
"299";"FRA"
"299";"FRUE"
"299";"FRUO"
"299";"FMB N"
"299";"FMB W"
"303";"KG  H"
"303";"KGS"
"303";"KPR"
"303";"KT  V"
"303";"KT"
"303";"KFWH"
"303";"KMD"
"303";"KBB"
"303";"KBO"
"303";"KND"
"303";"KKOW"
"303";"KRHD"
"303";"KHBD"
"303";"KQHB"
"303";"YDFHU"
"303";"KUN"
"303";"KERP"
"303";"KLI"
"303";"KLEU"
"303";"KHGB"
"303";"KRBR"
"303";"KLET"
"303";"KNE"
"303";"KNE G"
"303";"KRHB"
"303";"KURR"
"303";"KKES"
"303";"KKOU"
"303";"KKOLN"
"303";"KKOLM"
"303";"KG  C"
"305";"RMF"
"305";"RHBW"
"305";"RHBP"
"305";"RH"
"305";"RHKM"
"305";"RSIG"
"305";"RWS"
"305";"RRM"
"305";"RBSK"
"305";"RBS"
"305";"RUW"
"305";"RUWA"
"305";"RBRR"
"305";"RBR"
"305";"RBRZ"
"305";"RURB"
"305";"RWGT"
"305";"RKDU"
"305";"RKR"
"31";"BMIP"
"31";"BSE"
"31";"BSE B"
"31";"BBEL"
"31";"BBK"
"31";"BBRK"
"31";"BBAI"
"31";"BBIG"
"31";"YBLBW"
"31";"BWG"
"31";"BMZ"
"31";"BQMZ"
"31";"LJEB"
"31";"LTHI"
"31";"LRAI"
"31";"LMEI"
"31";"LR"
"31";"LD  G"
"31";"LD"
"31";"LDS"
"31";"LMAR"
"31";"LRH"
"31";"LRHU"
"31";"LJZ"
"31";"LWO"
"31";"LGPN"
"31";"LBT"
"31";"LBTA"
"31";"LROI"
"31";"LBN"
"31";"LLBG"
"31";"LHM"
"31";"LHGB"
"31";"LHG M"
"31";"LHG U"
"31";"LHG"
"319";"LWI"
"319";"YLLWI"
"319";"LLW V"
"319";"LLEL"
"319";"LRMF"
"319";"LMIZ"
"319";"LMKS"
"319";"LGL"
"319";"LQGL"
"319";"LKTU"
"319";"LDBA"
"319";"LDBB"
"319";"LDBG"
"319";"LGC"
"329";"BLF"
"329";"BTHR"
"329";"BTN"
"329";"BWOL"
"329";"BLD"
"329";"BLD G"
"329";"BJUEG"
"329";"BJUE"
"329";"YBLDN"
"329";"LNF"
"329";"LBD"
"329";"LQBD"
"329";"LKBZ"
"329";"LZA"
"329";"LBZG"
"329";"LZGL"
"329";"LW"
"329";"LPT"
"329";"LBWZ"
"329";"LBWU"
"329";"LRA"
"329";"LG"
"329";"LBGK"
"329";"LMD"
"329";"LBT"
"329";"LBTA"
"329";"LROI"
"329";"LBN"
"329";"LLBG"
"329";"LHM"
"329";"LHGB"
"329";"LHG M"
"329";"LHG U"
"329";"LHG"
"33";"BWE"
"33";"YBLWG"
"33";"LGZ"
"33";"LGOE"
"33";"LB  G"
"33";"LB"
"33";"LKIM"
"33";"LWUZ"
"33";"LQWU"
"33";"LKE"
"33";"LGN"
"33";"LGSN"
"33";"LBU"
"33";"LMOS"
"33";"LGWS"
"33";"LBZ"
"33";"LMHR"
"33";"LBRC"
"33";"LMN"
"33";"LM"
"33";"LMS"
"35";"BPOT"
"35";"BWUS"
"35";"BWUSN"
"35";"YBLWB"
"35";"LRIK"
"35";"LBOW"
"35";"LNS"
"35";"LBM"
"35";"LRW"
"35";"LQRW"
"35";"LSHH"
"35";"LSTL"
"35";"LBIN"
"35";"LS"
"35";"LS  G"
"37";"DF"
"37";"DFS"
"37";"DH"
"37";"DRKA"
"37";"DNS"
"37";"DHD"
"37";"DPI G"
"37";"DPI"
"37";"DOG"
"37";"DWH"
"37";"DRAT"
"37";"DKOU"
"37";"DKOH"
"37";"DSA"
"37";"DKRP"
"37";"DSO"
"37";"DSMI"
"37";"DSN"
"37";"DXS"
"39A";"LMR F"
"39A";"LMR"
"39A";"LBRC"
"39A";"LMHR"
"39A";"LBZ"
"39A";"LKB"
"39A";"LWH"
"39A";"LGO"
"39A";"LPRL"
"39A";"LLBS"
"39A";"LGK N"
"39A";"LGK"
"39A";"LTNZ"
"39A";"LZE"
"39A";"LJR"
"39A";"LNN"
"39A";"LROD"
"39A";"LRVB"
"39A";"LRG"
"39A";"LRG O"
"39A";"LRAW"
"39A";"LKK"
"39A";"LCWG"
"39A";"LCW"
"39A";"LGB"
"39A";"LWP"
"39A";"LWBW"
"39A";"LWET"
"39A";"LW"
"39A";"LWND"
"39A";"LMUA"
"39A";"LELT"
"39A";"LJN"
"39A";"LAB"
"39A";"LQMO"
"39A";"LFMW"
"39A";"LF  N"
"39B";"LF  N"
"39B";"LF  U"
"39B";"LSX"
"39B";"LNX"
"39B";"LQNX"
"39B";"LJL"
"39B";"DRO"
"39B";"DZN"
"39B";"DGLA"
"39B";"DNUN"
"39B";"DWIG"
"39B";"DLEW"
"39B";"DPR"
"39B";"DNDR"
"39B";"DWEW"
"39B";"DCW B"
"39B";"DCW"
"39B";"DRBA"
"39B";"DRBN"
"39B";"DNI"
"39B";"DPUM"
"39B";"DCB"
"39B";"DSTT"
"39B";"DKE"
"39B";"DCT"
"39B";"DCTA"
"39B";"DF"
"41";"LHG"
"41";"LHG Y"
"41";"LHG W"
"41";"LHAL"
"41";"LKAN"
"41";"LGOS"
"41";"LGOSS"
"41";"LGKL"
"41";"LQGK"
"41";"LSDW"
"41";"LSD"
"41";"LLW L"
"41";"LLW U"
"41";"LLW"
"41";"LWI"
"41";"LLMO"
"41";"LLT"
"41";"LLS"
"41";"LE  V"
"41";"LE  K"
"41";"LE"
"41";"LEO"
"41";"LBOR"
"41";"LGE"
"41";"LMAC"
"41";"LMAU"
"41";"LALT"
"41";"LWZW"
"41";"LWZ"
"41";"LKUH"
"41";"LDH"
"41";"LDA"
"41";"DOT"
"41";"DBT"
"41";"DR  R"
"41";"DR"
"41";"DRA"
"41";"DZN"
"41";"DGLA"
"41";"DNUN"
"41";"DWIG"
"41";"DLEW"
"41";"DPR"
"41";"DNDR"
"41";"DWEW"
"41";"DCW B"
"41";"DCW"
"41";"DRBA"
"41";"DRBN"
"41";"DNI"
"41";"DPUM"
"41";"DCB"
"41";"DSTT"
"41";"DKE"
"41";"DCT"
"41";"DCTA"
"41";"DF"
"41";"LHG U"
"43";"LF  N"
"43";"LF  U"
"43";"LF  S"
"43";"LF  F"
"43";"BWK"
"43";"BBLW"
"43";"BZA"
"43";"BEB"
"43";"BP"
"43";"BPFB"
"43";"BPFA"
"43";"BLH"
"43";"BBAE"
"43";"BRU"
"43";"BSWB"
"43";"BHC"
"43";"BQLA"
"43";"BLA"
"43";"BSKL"
"43";"BHW W"
"43";"BHW"
"43";"BHWN"
"43";"BKN"
"43";"BLOH"
"43";"BUS"
"43";"BKL"
"43";"BMC"
"43";"BPE"
"43";"BNY"
"43";"BSAE"
"43";"BHG"
"47";"LMR F"
"47";"LMR"
"47";"LBRC"
"47";"LMHR"
"47";"LBZ"
"47";"LKB"
"47";"LWH"
"47";"LGO"
"47";"LPRL"
"47";"LLBS"
"47";"LGK N"
"47";"LGK"
"47";"LTNZ"
"47";"LZE"
"47";"LJR"
"47";"LNN"
"47";"LROD"
"47";"LRVB"
"47";"LR"
"47";"LD  G"
"47";"LD"
"47";"LDS"
"47";"LMAR"
"47";"LRH"
"47";"LRHU"
"47";"LJZ"
"47";"LWO"
"47";"LGPN"
"47";"LBT"
"47";"LBTS"
"47";"LPRO"
"47";"LQPR"
"47";"LDL"
"47";"LAH"
"47";"LZS"
"47";"LRK"
"47";"LNW N"
"47";"LWI"
"5";"ALSK"
"5";"ALTG"
"5";"ALKN"
"5";"ALD A"
"5";"AWR"
"5";"AL"
"5";"ALRA"
"5";"ARD"
"5";"AO"
"5";"AKUP"
"5";"ABAE"
"5";"AAHG"
"5";"AAHN"
"5";"AAHR"
"5";"AQAH"
"5";"ARALB"
"5";"ARAL"
"5";"AOW"
"5";"AWN F"
"5";"AHOR"
"5";"AHROO"
"5";"AOHA"
"5";"AVL"
"5";"AWLBA"
"5";"AWLBS"
"5";"AHAR"
"5";"AQM G"
"5";"AMD"
"5";"AM  O"
"5";"AM  N"
"5";"AM  W"
"53";"LMR F"
"53";"LMR"
"53";"LMN"
"53";"LM"
"53";"LMB"
"53";"LMB B"
"53";"LMSO"
"53";"LSB G"
"53";"LSB"
"53";"LSBF"
"53";"LGND"
"53";"LSEE"
"53";"LCBO"
"53";"LSAD"
"53";"LWU"
"53";"LOSM"
"53";"LK"
"53";"LK  D"
"53";"LK  C"
"53";"LK  R"
"53";"LAF"
"53";"LWG"
"53";"LSTF"
"53";"LNM"
"53";"LBI"
"53";"LZBR"
"53";"LHG M"
"53";"LHG U"
"53";"LHG"
"55A";"AM  W"
"55A";"AM  S"
"55A";"ASTE"
"55A";"AASN"
"55A";"AWI"
"55A";"ARH"
"55A";"ABAD"
"55A";"ALBGN"
"55A";"ALBG"
"55A";"ALBGG"
"55A";"ADEV"
"55A";"ABIL"
"55A";"ABVS"
"55A";"HU"
"55A";"HU  G"
"55A";"HSTF"
"55A";"HWRN"
"55A";"HSDK"
"55A";"YLHSN"
"55A";"HSCG"
"55A";"LQSW"
"55A";"LSW"
"55A";"LSW G"
"55A";"LPRZ"
"55A";"LRAD"
"55A";"LFL"
"55A";"LBRP"
"55A";"LMF"
"55A";"LHWU"
"55A";"LKD"
"55A";"LKD H"
"55A";"LSFD"
"55A";"LS  G"
"55B";"LS  G"
"55B";"LS"
"55B";"LDK"
"55B";"LTH"
"55B";"LMW"
"55B";"LANG"
"55B";"LZI Z"
"55B";"LZI"
"55B";"LZIO"
"55B";"LWLS"
"55B";"LBAS"
"55B";"LGLB"
"55B";"LMR F"
"57A";"HLER"
"57A";"HRAT"
"57A";"HHAE"
"57A";"HVOE"
"57A";"HP"
"57A";"HP  G"
"57A";"HVEC"
"57A";"HGGL"
"57A";"HGGLO"
"57A";"HGAA"
"57A";"HBS"
"57B";"HBS"
"57B";"HSMK"
"57B";"HBUH"
"57B";"HWED"
"57B";"HWEA"
"57B";"HSDL"
"57B";"HKOL"
"57B";"HFST"
"57B";"HHLM"
"57B";"YLHBL"
"57B";"LQHB"
"57B";"LHBK"
"57B";"LMBN"
"57B";"LWF"
"57B";"LEI"
"57B";"LEI G"
"57B";"LOV"
"57B";"LDD"
"57B";"LOL"
"57B";"LWL"
"57B";"LNR"
"57B";"LMS"
"61";"FKR"
"61";"FKWNA"
"61";"FIH"
"61";"FQIHA"
"61";"FSPE"
"61";"FBOF"
"61";"FHMD"
"61";"FHED"
"61";"FQGT"
"61";"YHFGH"
"61";"FGTB"
"61";"FWZN"
"61";"HESW"
"61";"HEBG"
"61";"HEBGO"
"61";"HQEB"
"61";"UQAR"
"61";"YLHAE"
"61";"UAR"
"61";"UUD"
"61";"UHT"
"61";"UBOD"
"61";"UWIR"
"61";"UBEU"
"61";"UL"
"61";"UHAU"
"61";"UNDO"
"61";"UBEW"
"61";"UBE"
"61";"USOL"
"61";"UGBH"
"61";"UBD"
"61";"UWIP"
"61";"UNA"
"61";"UWK"
"61";"UWTH"
"61";"UN  N"
"61";"UN"
"61";"UN  A"
"61";"UHRH"
"61";"UGSB"
"61";"UQBK"
"61";"UBK"
"61";"UROS"
"61";"UBEN"
"61";"UWAL"
"61";"USG"
"61";"USTB"
"61";"URIE"
"61";"UBM"
"61";"UBT"
"61";"LWOR"
"61";"LEL"
"61";"LHFT"
"61";"LER"
"61";"LRN"
"61";"LAMS"
"61";"LWAN"
"61";"LTT"
"61";"LTTO"
"61";"LZBN"
"61";"LAG"
"61";"LAG O"
"61";"LSUEA"
"61";"LHWW"
"61";"LHW"
"61";"LRO"
"61";"LHAC"
"61";"LHAT"
"61";"LHG W"
"61";"LHG Y"
"61";"LHG"
"61";"LHG U"
"61";"FNV"
"61";"FKR N"
"63B";"NNR A"
"63B";"NNR B"
"63B";"NHMA"
"63B";"NNGR"
"63B";"NF  G"
"63B";"NF"
"63B";"NFUB"
"63B";"NVA"
"63B";"NEF"
"63B";"NEFU"
"63B";"NERB"
"63B";"NER G"
"63B";"NER"
"63B";"NBTH"
"63B";"NBD"
"63B";"NKCH"
"63B";"NAUG"
"63B";"NTRU"
"63B";"NFO"
"63B";"NEO"
"63B";"NBT"
"63B";"NHI"
"63B";"NSU"
"63B";"NBA"
"65";"FBU"
"65";"FB"
"65";"FFDF"
"65";"FRON"
"65";"FHNB"
"65";"FBOS"
"65";"FOBS"
"65";"YLFGD"
"65";"UQGT"
"65";"UGT"
"65";"UQHE"
"65";"UHER"
"65";"UQWA"
"65";"UWAR"
"65";"UHL"
"65";"UEIS"
"65";"UEIP"
"65";"UEIW"
"65";"UEI"
"65";"UEI G"
"65";"UWU"
"65";"USU"
"65";"USAE"
"65";"UMS"
"65";"UME"
"65";"UFT"
"65";"UGO"
"65";"UGO K"
"65";"USB"
"65";"UWA"
"65";"UND"
"65";"UEBI"
"65";"UE"
"65";"UEG E"
"65";"UEG L"
"65";"UVI"
"65";"UHP"
"65";"UWM"
"65";"UWM F"
"65";"UOM"
"65";"UAP"
"65";"UNTA"
"65";"UBS"
"65";"UGH"
"65";"UQGH"
"65";"UGHO"
"65";"USK"
"65";"UKO"
"65";"USPF"
"65";"UNM"
"65";"ULL"
"65";"UW"
"65";"LGC"
"65";"LLWS"
"65";"LLWN"
"65";"LMG G"
"65";"LMG"
"65";"LSP"
"65";"LHAD"
"65";"LHAT"
"65";"LHG W"
"65";"LHG Y"
"65";"LHG"
"65";"LHG U"
"65";"LHAC"
"67";"LHG"
"67";"LHG Y"
"67";"LHG W"
"67";"LHAT"
"67";"LHAC"
"67";"LHAD"
"67";"LSP"
"67";"LMG"
"67";"LMG G"
"67";"LLWN"
"67";"LLWS"
"67";"LGC"
"67";"UW"
"67";"ULL"
"67";"UNM"
"67";"USPF"
"67";"UKO"
"67";"USK"
"67";"UGHO"
"67";"UQSK"
"67";"UGHS"
"67";"UCB"
"67";"UDG"
"67";"UPF"
"67";"UJZ"
"67";"UJS"
"67";"UJP"
"67";"UGW"
"67";"UROT"
"67";"USCH"
"67";"UKA"
"67";"UO"
"67";"UZE"
"67";"UUS"
"67";"UR  G"
"67";"UR"
"67";"URS"
"67";"USAP"
"67";"US"
"67";"LHG U"
"71";"NBA"
"71";"NHAL"
"71";"NBG"
"71";"NEG"
"71";"NZA"
"71";"NED"
"71";"NSFN"
"71";"NLF"
"71";"NMI"
"71";"NHM"
"71";"NRZ"
"71";"NKUE"
"71";"NKMU"
"71";"NNEU"
"71";"NK"
"71";"NGD"
"71";"NSTH"
"71";"NPR"
"71";"NFDF"
"71";"NSD"
"71";"NLUS"
"71";"YLMPF"
"71";"UQPR"
"71";"UPR"
"71";"UMG"
"71";"UUZ"
"71";"UUZA"
"71";"UHR"
"71";"UKLD"
"71";"UKL"
"71";"UBZ"
"71";"US"
"73";"HF"
"73";"HWOB"
"73";"HVOR"
"73";"LQOE"
"73";"YLHOV"
"73";"LOE"
"73";"LGAU"
"73";"LMGA"
"73";"LMGN"
"73";"LS  G"
"741";"WW"
"741";"WW  N"
"741";"WDN"
"741";"WKT"
"741";"WKWA"
"741";"WQKW"
"741";"WGRB"
"741";"WL"
"741";"WLOW"
"741";"WRW"
"741";"WSLT"
"741";"WHO"
"741";"WSS"
"741";"WSGR"
"741";"WSGN"
"741";"WSMI"
"741";"WS"
"741";"WCAH"
"741";"WLST"
"741";"WK"
"741";"WVE"
"741";"WBL"
"741";"WFRW"
"741";"WWRN"
"741";"WB"
"741";"WSN S"
"741";"WSN"
"741";"WHU"
"741";"WPOE"
"741";"WPF"
"741";"WDF"
"741";"WDF N"
"741";"WWBW"
"741";"WWBO"
"741";"WRK"
"741";"WRKD"
"741";"WRSS"
"741";"WRD"
"741";"WRS"
"75";"HF"
"75";"HCAL"
"75";"HGI"
"75";"HLFU"
"75";"HLFG"
"75";"HMRS"
"75";"HDEH"
"75";"HDOG"
"75";"HIMS"
"75";"HLER"
"777";"NWH"
"777";"NNB"
"777";"NES"
"777";"NHW"
"777";"NRB"
"777";"NNAN"
"777";"NLO"
"777";"NPAR"
"777";"NWI"
"777";"NHEI"
"777";"NHEIW"
"777";"NLA"
"777";"YFMLH"
"777";"NHOE"
"777";"NAH G"
"777";"NAH"
"77A";"AM  W"
"77A";"AM  S"
"77A";"AJF"
"77A";"ABLZ"
"77A";"ASP"
"77A";"ATST"
"77A";"ALUB"
"77A";"ASL"
"77A";"AROG"
"77B";"AROG"
"77B";"AS"
"77B";"AOBG"
"77B";"ASAG"
"77B";"AQSA"
"77B";"HBON"
"77B";"HUTB"
"77B";"HBR A"
"77B";"HBR M"
"77B";"HBR E"
"79";"HBR A"
"79";"HB"
"79";"HBSB"
"79";"HBM"
"79";"HQAC"
"79";"HACH"
"79";"HBDV"
"79";"HETL"
"79";"HLGW"
"79";"HV"
"79";"HWAB"
"79";"HDVD"
"79";"HETR"
"79";"HROR"
"79";"HNBG"
"79";"HLBU"
"79";"HHAG"
"79";"HHGH"
"79";"HEIV"
"79";"HNRU"
"79";"HPOG"
"79";"HWUN"
"79";"HGUE"
"79";"HDED"
"79";"HSR W"
"79";"HSR"
"79";"HVAH"
"79";"HBR E"
"81A";"HBR E"
"81A";"HBOS"
"81A";"HBB"
"81A";"HQRT"
"81A";"HRTH"
"81A";"HOSS"
"81A";"HOLB"
"81A";"HLBR"
"81A";"HSUB"
"81A";"HLUN"
"81A";"HLOX"
"81A";"HLOA"
"81A";"HQLO"
"81A";"HBWU"
"81A";"HBH"
"81A";"HBHL"
"81A";"HBHLA"
"81A";"HBHP"
"81B";"HBR A"
"81B";"HB"
"81B";"HVAH"
"81B";"HHAT"
"81B";"HBHM"
"81B";"HGA"
"81B";"HQDR"
"81B";"HDRY"
"81B";"HKI"
"81B";"HBAR"
"81B";"HSYK"
"81B";"HBRA"
"81B";"HBAS"
"81B";"HT"
"81B";"HDRE"
"81B";"HBNF"
"81B";"HDRB"
"81B";"HDIP"
"81B";"HLMB"
"81B";"HLMF"
"81B";"HQLM"
"81B";"HDRO"
"81B";"HQBO"
"81B";"HBOM"
"81B";"HOSC"
"81B";"HVEH"
"81B";"HBEM"
"81B";"HO  N"
"87";"AROG"
"87";"AS"
"87";"AOBG"
"87";"ASAG"
"87";"AQSAG"
"87";"HGA"
"87";"HQDR"
"87";"HDRY"
"87";"HKI"
"87";"HBAR"
"87";"HSYK"
"87";"HBRA"
"87";"HBAS"
"87";"HT"
"87";"HDRE"
"87";"HBNF"
"87";"HDRB"
"87";"HDIP"
"87";"HLMB"
"87";"HLMF"
"87";"HQLM"
"87";"HDRO"
"87";"HQBO"
"87";"HBOM"
"87";"HOSC"
"87";"HVEH"
"87";"HBEM"
"87";"HO  N"
"89";"AM  W"
"89";"AM  S"
"89";"ASTE"
"89";"AASN"
"89";"AWI"
"89";"ARH"
"89";"ABAD"
"89";"ALBGN"
"89";"ALBG"
"89";"ALBGG"
"89";"ADEV"
"89";"ABIL"
"89";"ABVS"
"89";"HU"
"89";"HU  G"
"89";"HKSU"
"89";"HSUD"
"89";"HUNL"
"89";"HESD"
"89";"HGAR"
"89";"HC"
"89";"HC  G"
"89";"HELH"
"89";"HOTZ"
"89";"HBGD"
"89";"HALI"
"89";"HLERN"
"89";"HLER"
"91";"HG  G"
"91";"HG"
"91";"HGRN"
"91";"HRDF"
"91";"HOBJ"
"91";"HFRI"
"91";"HQFR"
"91";"HEBGN"
"91";"HEBG"
"91";"HESW"
"91";"FWZN"
"91";"FGTB"
"91";"YHFGH"
"91";"FQGT"
"91";"FHED"
"91";"FHMD"
"91";"FBOF"
"91";"FSPE"
"91";"FQIHA"
"91";"FIH"
"91";"FKWNA"
"91";"FKWNB"
"91";"FKWK"
"91";"FKW"
"93";"HLER"
"93";"HSEN"
"93";"HALG"
"93";"HHRS"
"93";"HHI"
"93";"HHI G"
"93";"HHTA"
"93";"HEMK"
"93";"HROS"
"93";"HNOS"
"93";"HELZ"
"93";"HBAN"
"93";"HGOD"
"93";"HALF"
"93";"HFRE"
"93";"HK"
"93";"HEB"
"93";"HEDN"
"93";"HEDS"
"93";"HN"
"93";"HN  G"
"93";"HNTH"
"93";"HG  N"
"93";"HG  G"
"95";"HG  G"
"95";"HG"
"95";"HGRN"
"95";"HRDF"
"95";"HOBJ"
"95";"HFRI"
"95";"HQFR"
"95";"HEBGN"
"95";"HEBG"
"95";"FBRT"
"95";"FBSD"
"95";"YFHAB"
"95";"FEGWW"
"95";"FEGW"
"95";"FEGWS"
"95";"FRSA"
"95";"FHC"
"95";"FSON"
"95";"FCG"
"95";"FBT"
"95";"FB  A"
"95";"FB"
"97";"HSR"
"97";"HSR O"
"97";"HAHM"
"97";"HLIH"
"97";"HLI"
"97";"HLI R"
"97";"HWHN"
"97";"HWU"
"97";"HHML"
"97";"HRTN"
"97";"HSRD"
"97";"HBNT"
"97";"HNOS"
"97";"HELZ"
"97";"HBAN"
"97";"HGOD"
"97";"HALF"
"97";"HFRE"
"97";"HK"
"97";"HEB"
"97";"HEDN"
"97";"HEDS"
"97";"HN"
"97";"HN  G"
"97";"HNTH"
"97";"HG  N"
"97";"HG  G"
"99";"HOR O"
"99";"HO  U"
"99";"HOHT"
"99";"HOE"
"99";"HQOE"
"99";"HLOT"
"99";"HVEP"
"99";"HLGG"
"99";"HI"
"99";"HESH"
"99";"HHTL"
"99";"HR"
"99";"HQR"
"99";"HSAL"
"99";"HEM"
"99";"HLED"
"99";"HHKF"
"99";"HFAS"
"99";"HLIG"
"99";"HLIS"
"99";"HHOHA"
"99";"HGEE"
"99";"HMEP"
"99";"HRWA"
"99";"HHAR"
"99";"HLAT"
"99";"HDOP"
"99";"HLE"
"99";"HASD"
"99";"HPAP"
"99";"HIHV"
"99";"HLEEA"
"99";"HLEEP"
"99";"HLEE"
"99";"HNM"
"99";"HODU"
"99";"HER"
"9A";"AM  O"
"9A";"AMD"
"9A";"AQM G"
"9A";"AHAR"
"9A";"AWLBS"
"9A";"AWLBA"
"9A";"AVL"
"9A";"AOHA"
"9A";"AHROO"
"9A";"AHROF"
"9A";"AHBIA"
"9A";"AHBI"
"9A";"AHBIU"
"9A";"AALM"
"9A";"ABG G"
"9A";"ABG"
"9A";"AQRB"
"9A";"AAH A"
"9A";"AFRD"
"9A";"ASWA"
"9A";"AMUE"
"9A";"ASTT"
"9A";"ABCHG"
"9A";"ABCH"
"9A";"YBWSB"
"9A";"WQSA"
"9A";"WSAH"
"9A";"WBZ"
"9A";"WBRH"
"9A";"WPRZ"
"9A";"WHL"
"9A";"WSTK"
"9A";"WJAS"
"9A";"WL"
"9A";"WGRB"
"9A";"WQKW"
"9A";"WKWA"
"9A";"WKT"
"9A";"WDN"
"9A";"WW  N"
"9A";"WW"
"9A";"AHARH"
"9A";"AQM"
"9A";"AM  N"
"9A";"AM  W"
"9B";"WW"
"9B";"WWIL"
"9B";"WGF"
"9B";"WBDN"
"9B";"WNS"
"9B";"WNS G"
"9B";"WFRK"
"9B";"WPAU"
"9B";"BNAU"
"9B";"BBRI"
"1";"AWLB"
"5";"AWLB"
"9A";"AWLB"
"173C";"RSG"
